[
    {
        "id": 1,
        "name": "How Do You Measure Product Success?",
        "image": "",
        "category": "Leadership",
        "date":"13 Aug 2017",
        "metaData": {
            "description": "Leaders constantly talk about the importance of innovation in the workplace, but most fail to sustain a truly innovative company culture."
        }
    },
   {
        "id": 2,
        "name": "How Do You Measure Product Success?",
        "image": "",
        "category": "Trending",
        "date":"13 Aug 2017",
        "metaData": {
            "description": "Work should solve real problems, honing in on and delivering value in the space of unmet needs."
        }
    },
    {
        "id": 3,
        "name": "How Do You Measure Product Success?",
        "image": "",
        "category": "Technology",
        "date":"13 Aug 2017",
        "metaData": {
            "description": "Leaders constantly talk about the importance of innovation in the workplace, but most fail to sustain a truly innovative company culture."
        }
    },    
    {
        "id": 4,
        "name": "How Do You Measure Product Success?",
        "image": "",
        "category": "EMedStore",
        "date":"13 Aug 2017",
        "metaData": {
            "description": "Work should solve real problems, honing in on and delivering value in the space of unmet needs."
        }
    },
     {
        "id": 5,
        "name": "How Do You Measure Product Success?",
        "image": "",
        "category": "Business",
        "date":"13 Aug 2017",
        "metaData": {
            "description": "Leaders constantly talk about the importance of innovation in the workplace, but most fail to sustain a truly innovative company culture."
        }
    },
    {
        "id": 6,
        "name": "How Do You Measure Product Success?",
        "image": "",
        "category": "Leadership",
        "date":"13 Aug 2017",
        "metaData": {
            "description": "Work should solve real problems, honing in on and delivering value in the space of unmet needs."
        }
    }
  
]