[
    {
        "id": 1,
        "name": "How Do You Measure Product Success?",
        "image": " https://ymedialabs.com/wp-content/uploads/2017/09/MG_7308-800x450.jpg",
        "category": "Leadership",
        "date":"13 Aug 2017",
        "metaData": {
            "description": "Leaders constantly talk about the importance of innovation in the workplace, but most fail to sustain a truly innovative company culture."
        }
    },
    {
        "id": 2,
        "name": "How Do You Measure Product Success?",
        "image": "https://ymedialabs.com/wp-content/uploads/2017/01/fintech-9-800x450.jpg",
        "category": "Leadership",
        "date":"13 Aug 2017",
        "metaData": {
            "description": "Work should solve real problems, honing in on and delivering value in the space of unmet needs."
        }
    },
   {
        "id": 3,
        "name": "How Do You Measure Product Success?",
        "image": "https://ymedialabs.com/wp-content/uploads/2017/08/infographic-800x450.png",
        "category": "Trending",
        "date":"13 Aug 2017",
        "metaData": {
            "description": "Work should solve real problems, honing in on and delivering value in the space of unmet needs."
        }
    },
    {
        "id": 4,
        "name": "How Do You Measure Product Success?",
        "image": "https://ymedialabs.com/wp-content/uploads/2017/01/fintech-9-800x450.jpg",
        "category": "Technology",
        "date":"13 Aug 2017",
        "metaData": {
            "description": "Leaders constantly talk about the importance of innovation in the workplace, but most fail to sustain a truly innovative company culture."
        }
    },    
    {
        "id": 5,
        "name": "How Do You Measure Product Success?",
        "image": " https://ymedialabs.com/wp-content/uploads/2017/09/MG_7308-800x450.jpg",
        "category": "EMedStore",
        "date":"13 Aug 2017",
        "metaData": {
            "description": "Work should solve real problems, honing in on and delivering value in the space of unmet needs."
        }
    },
     {
        "id": 6,
        "name": "How Do You Measure Product Success?",
        "image": "https://ymedialabs.com/wp-content/uploads/2017/08/infographic-800x450.png",
        "category": "Business",
        "date":"13 Aug 2017",
        "metaData": {
            "description": "Leaders constantly talk about the importance of innovation in the workplace, but most fail to sustain a truly innovative company culture."
        }
    },
    {
        "id": 7,
        "name": "How Do You Measure Product Success?",
        "image": "https://ymedialabs.com/wp-content/uploads/2017/01/fintech-9-800x450.jpg",
        "category": "Leadership",
        "date":"13 Aug 2017",
        "metaData": {
            "description": "Work should solve real problems, honing in on and delivering value in the space of unmet needs."
        }
    }
  
]