[
    {
        "id": 1,
        "name": "Scalabele to requirement",
        "image": "",
        "metaData": {
            "description": "This ingenious iPhone app lets users scan keys then order new ones from a kiosk, as part of a partnership."
        }
    },
   {
        "id": 2,
        "name": "Scalabele to requirement",
        "image": "",
        "metaData": {
            "description": "This ingenious iPhone app lets users scan keys then order new ones from a kiosk, as part of a partnership."
        }
    },
    {
        "id": 3,
        "name": "Scalabele to requirement",
        "image": "",
        "metaData": {
            "description": "This ingenious iPhone app lets users scan keys then order new ones from a kiosk, as part of a partnership."
        }
    },    
    {
        "id": 4,
        "name": "Scalabele to requirement",
        "image": "",
        "metaData": {
            "description": "This ingenious iPhone app lets users scan keys then order new ones from a kiosk, as part of a partnership."
        }
    },
     {
        "id": 5,
        "name": "Scalabele to requirement",
        "image": "",
        "metaData": {
            "description": "This ingenious iPhone app lets users scan keys then order new ones from a kiosk, as part of a partnership."
        }
    },
    {
        "id": 6,
        "name": "Scalabele to requirement",
        "image": "",
        "metaData": {
            "description": "This ingenious iPhone app lets users scan keys then order new ones from a kiosk, as part of a partnership."
        }
    }
  
]