[
    {
        "id": 1,
        "name": "Daniel M. Foote",
        "title" : "Sr. Tech Head",
        "metaData": {
            "description": "As a Tech Head, Daniel looks after the day to day installation and operation of Mining Rigs. He plays a important role in optimising efficiency of our Rigs."
        }
    },
   {
        "id": 2,
        "name": "Daniel M. Foote",
        "title" : "Sr. Tech Head",
        "metaData": {
            "description": "As a Tech Head, Daniel looks after the day to day installation and operation of Mining Rigs. He plays a important role in optimising efficiency of our Rigs."
        }
    },
    {
        "id": 3,
        "name": "Daniel M. Foote",
        "title" : "Sr. Tech Head",
        "metaData": {
            "description": "As a Tech Head, Daniel looks after the day to day installation and operation of Mining Rigs. He plays a important role in optimising efficiency of our Rigs."
        }
    },  
    {
        "id": 3,
        "name": "Daniel M. Foote",
        "title" : "Sr. Tech Head",
        "metaData": {
            "description": "As a Tech Head, Daniel looks after the day to day installation and operation of Mining Rigs. He plays a important role in optimising efficiency of our Rigs."
        }
    }, 
    {
        "id": 3,
        "name": "Daniel M. Foote",
        "title" : "Sr. Tech Head",
        "metaData": {
            "description": "As a Tech Head, Daniel looks after the day to day installation and operation of Mining Rigs. He plays a important role in optimising efficiency of our Rigs."
        }
    } ,
    {
        "id": 3,
        "name": "Daniel M. Foote",
        "title" : "Sr. Tech Head",
        "metaData": {
            "description": "As a Tech Head, Daniel looks after the day to day installation and operation of Mining Rigs. He plays a important role in optimising efficiency of our Rigs."
        }
    }   
]