[
    {
        "id": 1,
        "name": "Practilo",
        "image": "https://www.finoit.com/wp-content/uploads/2017/05/practilo.jpg",
        "category": "iso",
        "metaData": {
            "description": "Enterprise learning and assessment tool, with intelligent analytics."
        }
    },
    {
        "id": 2,
        "name": "ShorePower",
        "image": "https://www.finoit.com/wp-content/uploads/2017/05/shorepower.jpg",
        "category": "Android",
        "metaData": {
            "description": "Kiosk and web based, e-payment enabled platform to provide electrified parking spaces."
        }
    },
    {
        "id": 3,
        "name": "budgyt",
        "image": "https://www.finoit.com/wp-content/uploads/2017/05/budgyt.jpg",
        "category": "Web",
        "metaData": {
            "description": "One easy SaaS based tool for CFOs to streamline budgeting process."
        }
    },
    {
        "id": 4,
        "name": "Practilo",
        "image": "https://www.finoit.com/wp-content/uploads/2017/05/practilo.jpg",
        "category": "iso",
        "metaData": {
            "description": "Enterprise learning and assessment tool, with intelligent analytics."
        }
    },
    {
        "id": 5,
        "name": "ShorePower",
        "image": "https://www.finoit.com/wp-content/uploads/2017/05/shorepower.jpg",
        "category": "Android",
        "metaData": {
            "description": "Kiosk and web based, e-payment enabled platform to provide electrified parking spaces."
        }
    },
    {
        "id": 6,
        "name": "budgyt",
        "image": "https://www.finoit.com/wp-content/uploads/2017/05/budgyt.jpg",
        "category": "Web",
        "metaData": {
            "description": "One easy SaaS based tool for CFOs to streamline budgeting process."
        }
    },
    {
        "id": 7,
        "name": "Practilo",
        "image": "https://www.finoit.com/wp-content/uploads/2017/05/practilo.jpg",
        "category": "Android",
        "metaData": {
            "description": "Enterprise learning and assessment tool, with intelligent analytics."
        }
    },
    {
        "id": 8,
        "name": "ShorePower",
        "image": "https://www.finoit.com/wp-content/uploads/2017/05/shorepower.jpg",
        "category": "iso",
        "metaData": {
            "description": "Kiosk and web based, e-payment enabled platform to provide electrified parking spaces."
        }
    },
    {
        "id": 9,
        "name": "budgyt",
        "image": "https://www.finoit.com/wp-content/uploads/2017/05/budgyt.jpg",
        "category": "Web",
        "metaData": {
            "description": "One easy SaaS based tool for CFOs to streamline budgeting process."
        }
    }
]